state_name,state_code,CF,expected_value,total_NCF,NCF,CF_percentage
Alabama,AL,141,4189.826321,1000,10.13348422,0.010133484
Alaska,AK,33,482.79057,1000,-15.58500105,-0.015585001
Arizona,AZ,171,5945.302869,1000,43.45622526,0.043456225
Arkansas,AR,82,2490.816907,1000,7.847599604,0.0078476
California,CA,761,30017.95446,1000,321.7938198,0.32179382
Colorado,CO,138,4310.569577,1000,17.4888793,0.017488879
Connecticut,CT,114,3124.042999,1000,-1.31096062,-0.001310961
Delaware,DE,30,882.508066,1000,1.833424263,0.001833424
District of Columbia,DC,16,482.30437,1000,1.39746097,0.001397461
Florida,FL,627,19899.34268,1000,90.79991887,0.090799919
Georgia,GA,277,8233.985614,1000,20.01253453,0.020012535
Hawaii,HI,37,1192.248743,1000,6.006247223,0.006006247
Idaho,ID,49,1357.893577,1000,-0.018688661,-1.86887E-05
Illinois,IL,335,10284.73425,1000,35.98619412,0.035986194
Indiana,IN,179,5380.913,1000,15.097814,0.015097814
Iowa,IA,145,2558.696455,1000,-52.70388062,-0.052703881
Kansas,KS,109,2268.893055,1000,-27.15753531,-0.027157535
Kentucky,KY,144,3707.155644,1000,-10.27719001,-0.01027719
Louisiana,LA,145,3736.322601,1000,-10.22509298,-0.010225093
Maine,ME,48,1293.704531,1000,-1.334086347,-0.001334086
Maryland,MD,132,5035.026787,1000,49.62116592,0.049621166
Massachusetts,MA,155,5859.776921,1000,56.37117268,0.056371173
Michigan,MI,271,8495.663756,1000,35.45166787,0.035451668
Minnesota,MN,210,4468.807873,1000,-48.80322181,-0.048803222
Mississippi,MS,99,2443.281736,1000,-10.86706718,-0.010867067
Missouri,MO,159,5120.68018,1000,25.71081564,0.025710816
Montana,MT,47,903.558759,1000,-14.40724484,-0.014407245
Nebraska,NE,93,1482.040419,1000,-39.54052099,-0.039540521
Nevada,NV,69,2408.266366,1000,17.86987453,0.017869875
New Hampshire,NH,44,1222.748068,1000,0.106404819,0.000106405
New Jersey,NJ,246,7548.400599,1000,26.28242781,0.026282428
New Mexico,NM,46,1739.710835,1000,16.75404751,0.016754048
New York,NY,550,16433.60633,1000,42.78547444,0.042785474
North Carolina,NC,270,8779.867574,1000,46.70333703,0.046703337
North Dakota,ND,48,550.555939,1000,-28.14059989,-0.0281406
Ohio,OH,333,9905.467626,1000,24.30546338,0.024305463
Oklahoma,OK,116,3087.931212,1000,-4.613568359,-0.004613568
Oregon,OR,108,3542.523378,1000,19.78427076,0.019784271
Pennsylvania,PA,343,11279.28366,1000,63.86112207,0.063861122
Rhode Island,RI,34,918.378356,1000,-0.872679167,-0.000872679
South Carolina,SC,110,4491.446595,1000,52.01339174,0.052013392
South Dakota,SD,48,689.213564,1000,-23.13900594,-0.023139006
Tennessee,TN,192,5680.919479,1000,12.91950946,0.012919509
Texas,TX,569,20322.3859,1000,164.0597388,0.164059739
Utah,UT,64,1931.802737,1000,5.683098079,0.005683098
Vermont,VT,15,570.627651,1000,5.583417659,0.005583418
Virginia,VA,205,6915.931988,1000,44.46831154,0.044468312
Washington,WA,149,5949.594147,1000,65.61101827,0.065611018
West Virginia,WV,64,1641.923781,1000,-4.773282034,-0.004773282
Wisconsin,WI,215,4841.337803,1000,-40.36549385,-0.040365494
Wyoming,WY,30,452.871927,1000,-13.66421255,-0.013664213
Alabama,AL,141,4189.826321,2000,25.85199532,0.012925998
Alaska,AK,33,482.79057,2000,-13.77376871,-0.006886884
Arizona,AZ,171,5945.302869,2000,65.76056487,0.032880282
Arkansas,AR,82,2490.816907,2000,17.19212374,0.008596062
California,CA,761,30017.95446,2000,434.4088816,0.217204441
Colorado,CO,138,4310.569577,2000,33.66036961,0.016830185
Connecticut,CT,114,3124.042999,2000,10.40916828,0.005204584
Delaware,DE,30,882.508066,2000,5.144232818,0.002572116
District of Columbia,DC,16,482.30437,2000,3.206869287,0.001603435
Florida,FL,627,19899.34268,2000,165.4540966,0.082727048
Georgia,GA,277,8233.985614,2000,50.90307374,0.025451537
Hawaii,HI,37,1192.248743,2000,10.47907585,0.005239538
Idaho,ID,49,1357.893577,2000,5.075571489,0.002537786
Illinois,IL,335,10284.73425,2000,74.57030167,0.037285151
Indiana,IN,179,5380.913,2000,35.28479414,0.017642397
Iowa,IA,145,2558.696455,2000,-43.10470024,-0.02155235
Kansas,KS,109,2268.893055,2000,-18.64557851,-0.009322789
Kentucky,KY,144,3707.155644,2000,3.630538537,0.001815269
Louisiana,LA,145,3736.322601,2000,3.792058037,0.001896029
Maine,ME,48,1293.704531,2000,3.519362811,0.001759681
Maryland,MD,132,5035.026787,2000,68.51052276,0.034255261
Massachusetts,MA,155,5859.776921,2000,78.35465398,0.039177327
Michigan,MI,271,8495.663756,2000,67.32391622,0.033661958
Minnesota,MN,210,4468.807873,2000,-32.03808627,-0.016019043
Mississippi,MS,99,2443.281736,2000,-1.700875517,-0.000850438
Missouri,MO,159,5120.68018,2000,44.9215089,0.022460754
Montana,MT,47,903.558759,2000,-11.01746271,-0.005508731
Nebraska,NE,93,1482.040419,2000,-33.98051277,-0.016990256
Nevada,NV,69,2408.266366,2000,26.90470288,0.013452351
New Hampshire,NH,44,1222.748068,2000,4.69365441,0.002346827
New Jersey,NJ,246,7548.400599,2000,54.60093304,0.027300467
New Mexico,NM,46,1739.710835,2000,23.28072952,0.011640365
New York,NY,550,16433.60633,2000,104.4376299,0.052218815
North Carolina,NC,270,8779.867574,2000,79.64180161,0.039820901
North Dakota,ND,48,550.555939,2000,-26.07513966,-0.01303757
Ohio,OH,333,9905.467626,2000,61.46671802,0.030733359
Oklahoma,OK,116,3087.931212,2000,6.971083917,0.003485542
Oregon,OR,108,3542.523378,2000,33.07436652,0.016537183
Pennsylvania,PA,343,11279.28366,2000,106.1763714,0.053088186
Rhode Island,RI,34,918.378356,2000,2.572700015,0.00128635
South Carolina,SC,110,4491.446595,2000,68.86345849,0.034431729
South Dakota,SD,48,689.213564,2000,-20.55335913,-0.01027668
Tennessee,TN,192,5680.919479,2000,34.23199094,0.017115995
Texas,TX,569,20322.3859,2000,240.3010013,0.120150501
Utah,UT,64,1931.802737,2000,12.93043017,0.006465215
Vermont,VT,15,570.627651,2000,7.724178727,0.003862089
Virginia,VA,205,6915.931988,2000,70.41405377,0.035207027
Washington,WA,149,5949.594147,2000,87.93145698,0.043965728
West Virginia,WV,64,1641.923781,2000,1.386543027,0.000693272
Wisconsin,WI,215,4841.337803,2000,-22.2027787,-0.011101389
Wyoming,WY,30,452.871927,2000,-11.9652227,-0.005982611
Alabama,AL,141,4189.826321,3000,41.57050641,0.013856835
Alaska,AK,33,482.79057,3000,-11.96253637,-0.003987512
Arizona,AZ,171,5945.302869,3000,88.06490447,0.029354968
Arkansas,AR,82,2490.816907,3000,26.53664788,0.008845549
California,CA,761,30017.95446,3000,547.0239435,0.182341314
Colorado,CO,138,4310.569577,3000,49.83185992,0.01661062
Connecticut,CT,114,3124.042999,3000,22.12929718,0.007376432
Delaware,DE,30,882.508066,3000,8.455041374,0.002818347
District of Columbia,DC,16,482.30437,3000,5.016277604,0.001672093
Florida,FL,627,19899.34268,3000,240.1082743,0.080036091
Georgia,GA,277,8233.985614,3000,81.79361295,0.027264538
Hawaii,HI,37,1192.248743,3000,14.95190447,0.004983968
Idaho,ID,49,1357.893577,3000,10.16983164,0.003389944
Illinois,IL,335,10284.73425,3000,113.1544092,0.037718136
Indiana,IN,179,5380.913,3000,55.47177427,0.018490591
Iowa,IA,145,2558.696455,3000,-33.50551986,-0.011168507
Kansas,KS,109,2268.893055,3000,-10.1336217,-0.003377874
Kentucky,KY,144,3707.155644,3000,17.53826709,0.005846089
Louisiana,LA,145,3736.322601,3000,17.80920905,0.005936403
Maine,ME,48,1293.704531,3000,8.372811969,0.002790937
Maryland,MD,132,5035.026787,3000,87.39987959,0.029133293
Massachusetts,MA,155,5859.776921,3000,100.3381353,0.033446045
Michigan,MI,271,8495.663756,3000,99.19616457,0.033065388
Minnesota,MN,210,4468.807873,3000,-15.27295073,-0.005090984
Mississippi,MS,99,2443.281736,3000,7.465316144,0.002488439
Missouri,MO,159,5120.68018,3000,64.13220215,0.021377401
Montana,MT,47,903.558759,3000,-7.627680585,-0.00254256
Nebraska,NE,93,1482.040419,3000,-28.42050455,-0.009473502
Nevada,NV,69,2408.266366,3000,35.93953122,0.011979844
New Hampshire,NH,44,1222.748068,3000,9.280904001,0.003093635
New Jersey,NJ,246,7548.400599,3000,82.91943828,0.027639813
New Mexico,NM,46,1739.710835,3000,29.80741153,0.009935804
New York,NY,550,16433.60633,3000,166.0897853,0.055363262
North Carolina,NC,270,8779.867574,3000,112.5802662,0.037526755
North Dakota,ND,48,550.555939,3000,-24.00967943,-0.008003226
Ohio,OH,333,9905.467626,3000,98.62797266,0.032875991
Oklahoma,OK,116,3087.931212,3000,18.55573619,0.006185245
Oregon,OR,108,3542.523378,3000,46.36446228,0.015454821
Pennsylvania,PA,343,11279.28366,3000,148.4916207,0.049497207
Rhode Island,RI,34,918.378356,3000,6.018079197,0.002006026
South Carolina,SC,110,4491.446595,3000,85.71352523,0.028571175
South Dakota,SD,48,689.213564,3000,-17.96771232,-0.005989237
Tennessee,TN,192,5680.919479,3000,55.54447242,0.018514824
Texas,TX,569,20322.3859,3000,316.5422638,0.105514088
Utah,UT,64,1931.802737,3000,20.17776227,0.006725921
Vermont,VT,15,570.627651,3000,9.864939794,0.003288313
Virginia,VA,205,6915.931988,3000,96.359796,0.032119932
Washington,WA,149,5949.594147,3000,110.2518957,0.036750632
West Virginia,WV,64,1641.923781,3000,7.546368089,0.002515456
Wisconsin,WI,215,4841.337803,3000,-4.04006355,-0.001346688
Wyoming,WY,30,452.871927,3000,-10.26623284,-0.003422078
Alabama,AL,141,4189.826321,4000,57.28901751,0.014322254
Alaska,AK,33,482.79057,4000,-10.15130403,-0.002537826
Arizona,AZ,171,5945.302869,4000,110.3692441,0.027592311
Arkansas,AR,82,2490.816907,4000,35.88117202,0.008970293
California,CA,761,30017.95446,4000,659.6390053,0.164909751
Colorado,CO,138,4310.569577,4000,66.00335023,0.016500838
Connecticut,CT,114,3124.042999,4000,33.84942608,0.008462357
Delaware,DE,30,882.508066,4000,11.76584993,0.002941462
District of Columbia,DC,16,482.30437,4000,6.825685922,0.001706421
Florida,FL,627,19899.34268,4000,314.7624521,0.078690613
Georgia,GA,277,8233.985614,4000,112.6841522,0.028171038
Hawaii,HI,37,1192.248743,4000,19.4247331,0.004856183
Idaho,ID,49,1357.893577,4000,15.26409179,0.003816023
Illinois,IL,335,10284.73425,4000,151.7385168,0.037934629
Indiana,IN,179,5380.913,4000,75.65875441,0.018914689
Iowa,IA,145,2558.696455,4000,-23.90633947,-0.005976585
Kansas,KS,109,2268.893055,4000,-1.621664897,-0.000405416
Kentucky,KY,144,3707.155644,4000,31.44599563,0.007861499
Louisiana,LA,145,3736.322601,4000,31.82636007,0.00795659
Maine,ME,48,1293.704531,4000,13.22626113,0.003306565
Maryland,MD,132,5035.026787,4000,106.2892364,0.026572309
Massachusetts,MA,155,5859.776921,4000,122.3216166,0.030580404
Michigan,MI,271,8495.663756,4000,131.0684129,0.032767103
Minnesota,MN,210,4468.807873,4000,1.492184808,0.000373046
Mississippi,MS,99,2443.281736,4000,16.63150781,0.004157877
Missouri,MO,159,5120.68018,4000,83.34289541,0.020835724
Montana,MT,47,903.558759,4000,-4.237898457,-0.001059475
Nebraska,NE,93,1482.040419,4000,-22.86049633,-0.005715124
Nevada,NV,69,2408.266366,4000,44.97435956,0.01124359
New Hampshire,NH,44,1222.748068,4000,13.86815359,0.003467038
New Jersey,NJ,246,7548.400599,4000,111.2379435,0.027809486
New Mexico,NM,46,1739.710835,4000,36.33409354,0.009083523
New York,NY,550,16433.60633,4000,227.7419407,0.056935485
North Carolina,NC,270,8779.867574,4000,145.5187308,0.036379683
North Dakota,ND,48,550.555939,4000,-21.9442192,-0.005486055
Ohio,OH,333,9905.467626,4000,135.7892273,0.033947307
Oklahoma,OK,116,3087.931212,4000,30.14038847,0.007535097
Oregon,OR,108,3542.523378,4000,59.65455805,0.01491364
Pennsylvania,PA,343,11279.28366,4000,190.80687,0.047701717
Rhode Island,RI,34,918.378356,4000,9.463458379,0.002365865
South Carolina,SC,110,4491.446595,4000,102.563592,0.025640898
South Dakota,SD,48,689.213564,4000,-15.38206551,-0.003845516
Tennessee,TN,192,5680.919479,4000,76.85695391,0.019214238
Texas,TX,569,20322.3859,4000,392.7835263,0.098195882
Utah,UT,64,1931.802737,4000,27.42509436,0.006856274
Vermont,VT,15,570.627651,4000,12.00570086,0.003001425
Virginia,VA,205,6915.931988,4000,122.3055382,0.030576385
Washington,WA,149,5949.594147,4000,132.5723344,0.033143084
West Virginia,WV,64,1641.923781,4000,13.70619315,0.003426548
Wisconsin,WI,215,4841.337803,4000,14.1226516,0.003530663
Wyoming,WY,30,452.871927,4000,-8.567242987,-0.002141811
Alabama,AL,141,4189.826321,5000,73.00752861,0.014601506
Alaska,AK,33,482.79057,5000,-8.340071686,-0.001668014
Arizona,AZ,171,5945.302869,5000,132.6735837,0.026534717
Arkansas,AR,82,2490.816907,5000,45.22569616,0.009045139
California,CA,761,30017.95446,5000,772.2540672,0.154450813
Colorado,CO,138,4310.569577,5000,82.17484053,0.016434968
Connecticut,CT,114,3124.042999,5000,45.56955498,0.009113911
Delaware,DE,30,882.508066,5000,15.07665849,0.003015332
District of Columbia,DC,16,482.30437,5000,8.635094239,0.001727019
Florida,FL,627,19899.34268,5000,389.4166298,0.077883326
Georgia,GA,277,8233.985614,5000,143.5746914,0.028714938
Hawaii,HI,37,1192.248743,5000,23.89756172,0.004779512
Idaho,ID,49,1357.893577,5000,20.35835194,0.00407167
Illinois,IL,335,10284.73425,5000,190.3226243,0.038064525
Indiana,IN,179,5380.913,5000,95.84573454,0.019169147
Iowa,IA,145,2558.696455,5000,-14.30715909,-0.002861432
Kansas,KS,109,2268.893055,5000,6.890291908,0.001378058
Kentucky,KY,144,3707.155644,5000,45.35372418,0.009070745
Louisiana,LA,145,3736.322601,5000,45.84351109,0.009168702
Maine,ME,48,1293.704531,5000,18.07971028,0.003615942
Maryland,MD,132,5035.026787,5000,125.1785932,0.025035719
Massachusetts,MA,155,5859.776921,5000,144.3050979,0.02886102
Michigan,MI,271,8495.663756,5000,162.9406613,0.032588132
Minnesota,MN,210,4468.807873,5000,18.25732035,0.003651464
Mississippi,MS,99,2443.281736,5000,25.79769947,0.00515954
Missouri,MO,159,5120.68018,5000,102.5535887,0.020510718
Montana,MT,47,903.558759,5000,-0.848116329,-0.000169623
Nebraska,NE,93,1482.040419,5000,-17.30048812,-0.003460098
Nevada,NV,69,2408.266366,5000,54.00918791,0.010801838
New Hampshire,NH,44,1222.748068,5000,18.45540318,0.003691081
New Jersey,NJ,246,7548.400599,5000,139.5564487,0.02791129
New Mexico,NM,46,1739.710835,5000,42.86077555,0.008572155
New York,NY,550,16433.60633,5000,289.3940961,0.057878819
North Carolina,NC,270,8779.867574,5000,178.4571954,0.035691439
North Dakota,ND,48,550.555939,5000,-19.87875896,-0.003975752
Ohio,OH,333,9905.467626,5000,172.9504819,0.034590096
Oklahoma,OK,116,3087.931212,5000,41.72504075,0.008345008
Oregon,OR,108,3542.523378,5000,72.94465381,0.014588931
Pennsylvania,PA,343,11279.28366,5000,233.1221193,0.046624424
Rhode Island,RI,34,918.378356,5000,12.90883756,0.002581768
South Carolina,SC,110,4491.446595,5000,119.4136587,0.023882732
South Dakota,SD,48,689.213564,5000,-12.7964187,-0.002559284
Tennessee,TN,192,5680.919479,5000,98.16943539,0.019633887
Texas,TX,569,20322.3859,5000,469.0247888,0.093804958
Utah,UT,64,1931.802737,5000,34.67242645,0.006934485
Vermont,VT,15,570.627651,5000,14.14646193,0.002829292
Virginia,VA,205,6915.931988,5000,148.2512805,0.029650256
Washington,WA,149,5949.594147,5000,154.8927731,0.030978555
West Virginia,WV,64,1641.923781,5000,19.86601821,0.003973204
Wisconsin,WI,215,4841.337803,5000,32.28536675,0.006457073
Wyoming,WY,30,452.871927,5000,-6.868253133,-0.001373651
Alabama,AL,141,4189.826321,6000,88.72603971,0.014787673
Alaska,AK,33,482.79057,6000,-6.528839346,-0.00108814
Arizona,AZ,171,5945.302869,6000,154.9779233,0.025829654
Arkansas,AR,82,2490.816907,6000,54.5702203,0.009095037
California,CA,761,30017.95446,6000,884.8691291,0.147478188
Colorado,CO,138,4310.569577,6000,98.34633084,0.016391055
Connecticut,CT,114,3124.042999,6000,57.28968388,0.009548281
Delaware,DE,30,882.508066,6000,18.38746704,0.003064578
District of Columbia,DC,16,482.30437,6000,10.44450256,0.00174075
Florida,FL,627,19899.34268,6000,464.0708075,0.077345135
Georgia,GA,277,8233.985614,6000,174.4652306,0.029077538
Hawaii,HI,37,1192.248743,6000,28.37039034,0.004728398
Idaho,ID,49,1357.893577,6000,25.45261209,0.004242102
Illinois,IL,335,10284.73425,6000,228.9067319,0.038151122
Indiana,IN,179,5380.913,6000,116.0327147,0.019338786
Iowa,IA,145,2558.696455,6000,-4.707978709,-0.000784663
Kansas,KS,109,2268.893055,6000,15.40224871,0.002567041
Kentucky,KY,144,3707.155644,6000,59.26145273,0.009876909
Louisiana,LA,145,3736.322601,6000,59.8606621,0.009976777
Maine,ME,48,1293.704531,6000,22.93315944,0.003822193
Maryland,MD,132,5035.026787,6000,144.0679501,0.024011325
Massachusetts,MA,155,5859.776921,6000,166.2885792,0.027714763
Michigan,MI,271,8495.663756,6000,194.8129096,0.032468818
Minnesota,MN,210,4468.807873,6000,35.02245588,0.005837076
Mississippi,MS,99,2443.281736,6000,34.96389113,0.005827315
Missouri,MO,159,5120.68018,6000,121.7642819,0.020294047
Montana,MT,47,903.558759,6000,2.541665799,0.000423611
Nebraska,NE,93,1482.040419,6000,-11.7404799,-0.001956747
Nevada,NV,69,2408.266366,6000,63.04401625,0.010507336
New Hampshire,NH,44,1222.748068,6000,23.04265277,0.003840442
New Jersey,NJ,246,7548.400599,6000,167.874954,0.027979159
New Mexico,NM,46,1739.710835,6000,49.38745756,0.008231243
New York,NY,550,16433.60633,6000,351.0462516,0.058507709
North Carolina,NC,270,8779.867574,6000,211.39566,0.03523261
North Dakota,ND,48,550.555939,6000,-17.81329873,-0.002968883
Ohio,OH,333,9905.467626,6000,210.1117366,0.035018623
Oklahoma,OK,116,3087.931212,6000,53.30969302,0.008884949
Oregon,OR,108,3542.523378,6000,86.23474957,0.014372458
Pennsylvania,PA,343,11279.28366,6000,275.4373686,0.045906228
Rhode Island,RI,34,918.378356,6000,16.35421674,0.002725703
South Carolina,SC,110,4491.446595,6000,136.2637255,0.022710621
South Dakota,SD,48,689.213564,6000,-10.21077189,-0.001701795
Tennessee,TN,192,5680.919479,6000,119.4819169,0.019913653
Texas,TX,569,20322.3859,6000,545.2660513,0.090877675
Utah,UT,64,1931.802737,6000,41.91975855,0.006986626
Vermont,VT,15,570.627651,6000,16.28722299,0.002714537
Virginia,VA,205,6915.931988,6000,174.1970227,0.029032837
Washington,WA,149,5949.594147,6000,177.2132119,0.029535535
West Virginia,WV,64,1641.923781,6000,26.02584327,0.004337641
Wisconsin,WI,215,4841.337803,6000,50.4480819,0.008408014
Wyoming,WY,30,452.871927,6000,-5.169263278,-0.000861544
Alabama,AL,141,4189.826321,7000,104.4445508,0.01492065
Alaska,AK,33,482.79057,7000,-4.717607006,-0.000673944
Arizona,AZ,171,5945.302869,7000,177.2822629,0.025326038
Arkansas,AR,82,2490.816907,7000,63.91474444,0.009130678
California,CA,761,30017.95446,7000,997.4841909,0.142497742
Colorado,CO,138,4310.569577,7000,114.5178211,0.016359689
Connecticut,CT,114,3124.042999,7000,69.00981278,0.009858545
Delaware,DE,30,882.508066,7000,21.6982756,0.003099754
District of Columbia,DC,16,482.30437,7000,12.25391087,0.001750559
Florida,FL,627,19899.34268,7000,538.7249852,0.076960712
Georgia,GA,277,8233.985614,7000,205.3557698,0.029336539
Hawaii,HI,37,1192.248743,7000,32.84321897,0.004691888
Idaho,ID,49,1357.893577,7000,30.54687224,0.004363839
Illinois,IL,335,10284.73425,7000,267.4908394,0.038212977
Indiana,IN,179,5380.913,7000,136.2196948,0.019459956
Iowa,IA,145,2558.696455,7000,4.891201673,0.000698743
Kansas,KS,109,2268.893055,7000,23.91420552,0.003416315
Kentucky,KY,144,3707.155644,7000,73.16918128,0.01045274
Louisiana,LA,145,3736.322601,7000,73.87781312,0.010553973
Maine,ME,48,1293.704531,7000,27.7866086,0.003969516
Maryland,MD,132,5035.026787,7000,162.9573069,0.023279615
Massachusetts,MA,155,5859.776921,7000,188.2720605,0.026896009
Michigan,MI,271,8495.663756,7000,226.685158,0.032383594
Minnesota,MN,210,4468.807873,7000,51.78759142,0.007398227
Mississippi,MS,99,2443.281736,7000,44.13008279,0.006304298
Missouri,MO,159,5120.68018,7000,140.9749752,0.020139282
Montana,MT,47,903.558759,7000,5.931447927,0.00084735
Nebraska,NE,93,1482.040419,7000,-6.180471682,-0.000882925
Nevada,NV,69,2408.266366,7000,72.0788446,0.010296978
New Hampshire,NH,44,1222.748068,7000,27.62990237,0.003947129
New Jersey,NJ,246,7548.400599,7000,196.1934592,0.028027637
New Mexico,NM,46,1739.710835,7000,55.91413957,0.007987734
New York,NY,550,16433.60633,7000,412.698407,0.058956915
North Carolina,NC,270,8779.867574,7000,244.3341246,0.034904875
North Dakota,ND,48,550.555939,7000,-15.7478385,-0.002249691
Ohio,OH,333,9905.467626,7000,247.2729912,0.035324713
Oklahoma,OK,116,3087.931212,7000,64.8943453,0.009270621
Oregon,OR,108,3542.523378,7000,99.52484534,0.014217835
Pennsylvania,PA,343,11279.28366,7000,317.7526179,0.045393231
Rhode Island,RI,34,918.378356,7000,19.79959592,0.002828514
South Carolina,SC,110,4491.446595,7000,153.1137922,0.021873399
South Dakota,SD,48,689.213564,7000,-7.625125084,-0.001089304
Tennessee,TN,192,5680.919479,7000,140.7943984,0.020113485
Texas,TX,569,20322.3859,7000,621.5073138,0.088786759
Utah,UT,64,1931.802737,7000,49.16709064,0.00702387
Vermont,VT,15,570.627651,7000,18.42798406,0.002632569
Virginia,VA,205,6915.931988,7000,200.1427649,0.028591824
Washington,WA,149,5949.594147,7000,199.5336506,0.028504807
West Virginia,WV,64,1641.923781,7000,32.18566833,0.004597953
Wisconsin,WI,215,4841.337803,7000,68.61079704,0.009801542
Wyoming,WY,30,452.871927,7000,-3.470273424,-0.000495753
Alabama,AL,141,4189.826321,8000,120.1630619,0.015020383
Alaska,AK,33,482.79057,8000,-2.906374665,-0.000363297
Arizona,AZ,171,5945.302869,8000,199.5866025,0.024948325
Arkansas,AR,82,2490.816907,8000,73.25926858,0.009157409
California,CA,761,30017.95446,8000,1110.099253,0.138762407
Colorado,CO,138,4310.569577,8000,130.6893115,0.016336164
Connecticut,CT,114,3124.042999,8000,80.72994168,0.010091243
Delaware,DE,30,882.508066,8000,25.00908415,0.003126136
District of Columbia,DC,16,482.30437,8000,14.06331919,0.001757915
Florida,FL,627,19899.34268,8000,613.379163,0.076672395
Georgia,GA,277,8233.985614,8000,236.246309,0.029530789
Hawaii,HI,37,1192.248743,8000,37.31604759,0.004664506
Idaho,ID,49,1357.893577,8000,35.64113239,0.004455142
Illinois,IL,335,10284.73425,8000,306.074947,0.038259368
Indiana,IN,179,5380.913,8000,156.406675,0.019550834
Iowa,IA,145,2558.696455,8000,14.49038206,0.001811298
Kansas,KS,109,2268.893055,8000,32.42616233,0.00405327
Kentucky,KY,144,3707.155644,8000,87.07690983,0.010884614
Louisiana,LA,145,3736.322601,8000,87.89496413,0.010986871
Maine,ME,48,1293.704531,8000,32.64005776,0.004080007
Maryland,MD,132,5035.026787,8000,181.8466637,0.022730833
Massachusetts,MA,155,5859.776921,8000,210.2555418,0.026281943
Michigan,MI,271,8495.663756,8000,258.5574063,0.032319676
Minnesota,MN,210,4468.807873,8000,68.55272696,0.008569091
Mississippi,MS,99,2443.281736,8000,53.29627445,0.006662034
Missouri,MO,159,5120.68018,8000,160.1856684,0.020023209
Montana,MT,47,903.558759,8000,9.321230055,0.001165154
Nebraska,NE,93,1482.040419,8000,-0.620463464,-7.75579E-05
Nevada,NV,69,2408.266366,8000,81.11367294,0.010139209
New Hampshire,NH,44,1222.748068,8000,32.21715196,0.004027144
New Jersey,NJ,246,7548.400599,8000,224.5119644,0.028063996
New Mexico,NM,46,1739.710835,8000,62.44082157,0.007805103
New York,NY,550,16433.60633,8000,474.3505624,0.05929382
North Carolina,NC,270,8779.867574,8000,277.2725891,0.034659074
North Dakota,ND,48,550.555939,8000,-13.68237827,-0.001710297
Ohio,OH,333,9905.467626,8000,284.4342459,0.035554281
Oklahoma,OK,116,3087.931212,8000,76.47899758,0.009559875
Oregon,OR,108,3542.523378,8000,112.8149411,0.014101868
Pennsylvania,PA,343,11279.28366,8000,360.0678672,0.045008483
Rhode Island,RI,34,918.378356,8000,23.24497511,0.002905622
South Carolina,SC,110,4491.446595,8000,169.9638589,0.021245482
South Dakota,SD,48,689.213564,8000,-5.039478276,-0.000629935
Tennessee,TN,192,5680.919479,8000,162.1068798,0.02026336
Texas,TX,569,20322.3859,8000,697.7485763,0.087218572
Utah,UT,64,1931.802737,8000,56.41442273,0.007051803
Vermont,VT,15,570.627651,8000,20.56874513,0.002571093
Virginia,VA,205,6915.931988,8000,226.0885072,0.028261063
Washington,WA,149,5949.594147,8000,221.8540893,0.027731761
West Virginia,WV,64,1641.923781,8000,38.3454934,0.004793187
Wisconsin,WI,215,4841.337803,8000,86.77351219,0.010846689
Wyoming,WY,30,452.871927,8000,-1.77128357,-0.00022141
Alabama,AL,141,4189.826321,9000,135.881573,0.015097953
Alaska,AK,33,482.79057,9000,-1.095142325,-0.000121682
Arizona,AZ,171,5945.302869,9000,221.8909421,0.024654549
Arkansas,AR,82,2490.816907,9000,82.60379272,0.009178199
California,CA,761,30017.95446,9000,1222.714315,0.135857146
Colorado,CO,138,4310.569577,9000,146.8608018,0.016317867
Connecticut,CT,114,3124.042999,9000,92.45007058,0.01027223
Delaware,DE,30,882.508066,9000,28.31989271,0.003146655
District of Columbia,DC,16,482.30437,9000,15.87272751,0.001763636
Florida,FL,627,19899.34268,9000,688.0333407,0.076448149
Georgia,GA,277,8233.985614,9000,267.1368482,0.029681872
Hawaii,HI,37,1192.248743,9000,41.78887622,0.004643208
Idaho,ID,49,1357.893577,9000,40.73539254,0.004526155
Illinois,IL,335,10284.73425,9000,344.6590545,0.038295451
Indiana,IN,179,5380.913,9000,176.5936551,0.019621517
Iowa,IA,145,2558.696455,9000,24.08956244,0.002676618
Kansas,KS,109,2268.893055,9000,40.93811913,0.00454868
Kentucky,KY,144,3707.155644,9000,100.9846384,0.011220515
Louisiana,LA,145,3736.322601,9000,101.9121152,0.011323568
Maine,ME,48,1293.704531,9000,37.49350692,0.004165945
Maryland,MD,132,5035.026787,9000,200.7360206,0.022304002
Massachusetts,MA,155,5859.776921,9000,232.2390231,0.025804336
Michigan,MI,271,8495.663756,9000,290.4296547,0.032269962
Minnesota,MN,210,4468.807873,9000,85.3178625,0.009479762
Mississippi,MS,99,2443.281736,9000,62.46246611,0.006940274
Missouri,MO,159,5120.68018,9000,179.3963617,0.019932929
Montana,MT,47,903.558759,9000,12.71101218,0.001412335
Nebraska,NE,93,1482.040419,9000,4.939544753,0.000548838
Nevada,NV,69,2408.266366,9000,90.14850129,0.0100165
New Hampshire,NH,44,1222.748068,9000,36.80440155,0.004089378
New Jersey,NJ,246,7548.400599,9000,252.8304697,0.028092274
New Mexico,NM,46,1739.710835,9000,68.96750358,0.007663056
New York,NY,550,16433.60633,9000,536.0027179,0.059555858
North Carolina,NC,270,8779.867574,9000,310.2110537,0.034467895
North Dakota,ND,48,550.555939,9000,-11.61691804,-0.001290769
Ohio,OH,333,9905.467626,9000,321.5955005,0.035732833
Oklahoma,OK,116,3087.931212,9000,88.06364985,0.00978485
Oregon,OR,108,3542.523378,9000,126.1050369,0.014011671
Pennsylvania,PA,343,11279.28366,9000,402.3831165,0.044709235
Rhode Island,RI,34,918.378356,9000,26.69035429,0.002965595
South Carolina,SC,110,4491.446595,9000,186.8139257,0.020757103
South Dakota,SD,48,689.213564,9000,-2.453831467,-0.000272648
Tennessee,TN,192,5680.919479,9000,183.4193613,0.020379929
Texas,TX,569,20322.3859,9000,773.9898388,0.085998871
Utah,UT,64,1931.802737,9000,63.66175483,0.007073528
Vermont,VT,15,570.627651,9000,22.7095062,0.002523278
Virginia,VA,205,6915.931988,9000,252.0342494,0.028003805
Washington,WA,149,5949.594147,9000,244.174528,0.027130503
West Virginia,WV,64,1641.923781,9000,44.50531846,0.004945035
Wisconsin,WI,215,4841.337803,9000,104.9362273,0.011659581
Wyoming,WY,30,452.871927,9000,-0.072293715,-8.03264E-06
Alabama,AL,141,4189.826321,9000,135.881573,0.015097953
Alaska,AK,33,482.79057,9000,-1.095142325,-0.000121682
Arizona,AZ,171,5945.302869,9000,221.8909421,0.024654549
Arkansas,AR,82,2490.816907,9000,82.60379272,0.009178199
California,CA,761,30017.95446,9000,1222.714315,0.135857146
Colorado,CO,138,4310.569577,9000,146.8608018,0.016317867
Connecticut,CT,114,3124.042999,9000,92.45007058,0.01027223
Delaware,DE,30,882.508066,9000,28.31989271,0.003146655
District of Columbia,DC,16,482.30437,9000,15.87272751,0.001763636
Florida,FL,627,19899.34268,9000,688.0333407,0.076448149
Georgia,GA,277,8233.985614,9000,267.1368482,0.029681872
Hawaii,HI,37,1192.248743,9000,41.78887622,0.004643208
Idaho,ID,49,1357.893577,9000,40.73539254,0.004526155
Illinois,IL,335,10284.73425,9000,344.6590545,0.038295451
Indiana,IN,179,5380.913,9000,176.5936551,0.019621517
Iowa,IA,145,2558.696455,9000,24.08956244,0.002676618
Kansas,KS,109,2268.893055,9000,40.93811913,0.00454868
Kentucky,KY,144,3707.155644,9000,100.9846384,0.011220515
Louisiana,LA,145,3736.322601,9000,101.9121152,0.011323568
Maine,ME,48,1293.704531,9000,37.49350692,0.004165945
Maryland,MD,132,5035.026787,9000,200.7360206,0.022304002
Massachusetts,MA,155,5859.776921,9000,232.2390231,0.025804336
Michigan,MI,271,8495.663756,9000,290.4296547,0.032269962
Minnesota,MN,210,4468.807873,9000,85.3178625,0.009479762
Mississippi,MS,99,2443.281736,9000,62.46246611,0.006940274
Missouri,MO,159,5120.68018,9000,179.3963617,0.019932929
Montana,MT,47,903.558759,9000,12.71101218,0.001412335
Nebraska,NE,93,1482.040419,9000,4.939544753,0.000548838
Nevada,NV,69,2408.266366,9000,90.14850129,0.0100165
New Hampshire,NH,44,1222.748068,9000,36.80440155,0.004089378
New Jersey,NJ,246,7548.400599,9000,252.8304697,0.028092274
New Mexico,NM,46,1739.710835,9000,68.96750358,0.007663056
New York,NY,550,16433.60633,9000,536.0027179,0.059555858
North Carolina,NC,270,8779.867574,9000,310.2110537,0.034467895
North Dakota,ND,48,550.555939,9000,-11.61691804,-0.001290769
Ohio,OH,333,9905.467626,9000,321.5955005,0.035732833
Oklahoma,OK,116,3087.931212,9000,88.06364985,0.00978485
Oregon,OR,108,3542.523378,9000,126.1050369,0.014011671
Pennsylvania,PA,343,11279.28366,9000,402.3831165,0.044709235
Rhode Island,RI,34,918.378356,9000,26.69035429,0.002965595
South Carolina,SC,110,4491.446595,9000,186.8139257,0.020757103
South Dakota,SD,48,689.213564,9000,-2.453831467,-0.000272648
Tennessee,TN,192,5680.919479,9000,183.4193613,0.020379929
Texas,TX,569,20322.3859,9000,773.9898388,0.085998871
Utah,UT,64,1931.802737,9000,63.66175483,0.007073528
Vermont,VT,15,570.627651,9000,22.7095062,0.002523278
Virginia,VA,205,6915.931988,9000,252.0342494,0.028003805
Washington,WA,149,5949.594147,9000,244.174528,0.027130503
West Virginia,WV,64,1641.923781,9000,44.50531846,0.004945035
Wisconsin,WI,215,4841.337803,9000,104.9362273,0.011659581
Wyoming,WY,30,452.871927,9000,-0.072293715,-8.03264E-06
Alabama,AL,141,4189.826321,10000,151.6000841,0.015160008
Alaska,AK,33,482.79057,10000,0.716090015,7.1609E-05
Arizona,AZ,171,5945.302869,10000,244.1952817,0.024419528
Arkansas,AR,82,2490.816907,10000,91.94831686,0.009194832
California,CA,761,30017.95446,10000,1335.329376,0.133532938
Colorado,CO,138,4310.569577,10000,163.0322921,0.016303229
Connecticut,CT,114,3124.042999,10000,104.1701995,0.01041702
Delaware,DE,30,882.508066,10000,31.63070126,0.00316307
District of Columbia,DC,16,482.30437,10000,17.68213583,0.001768214
Florida,FL,627,19899.34268,10000,762.6875184,0.076268752
Georgia,GA,277,8233.985614,10000,298.0273874,0.029802739
Hawaii,HI,37,1192.248743,10000,46.26170484,0.00462617
Idaho,ID,49,1357.893577,10000,45.82965269,0.004582965
Illinois,IL,335,10284.73425,10000,383.2431621,0.038324316
Indiana,IN,179,5380.913,10000,196.7806352,0.019678064
Iowa,IA,145,2558.696455,10000,33.68874282,0.003368874
Kansas,KS,109,2268.893055,10000,49.45007594,0.004945008
Kentucky,KY,144,3707.155644,10000,114.8923669,0.011489237
Louisiana,LA,145,3736.322601,10000,115.9292662,0.011592927
Maine,ME,48,1293.704531,10000,42.34695607,0.004234696
Maryland,MD,132,5035.026787,10000,219.6253774,0.021962538
Massachusetts,MA,155,5859.776921,10000,254.2225044,0.02542225
Michigan,MI,271,8495.663756,10000,322.301903,0.03223019
Minnesota,MN,210,4468.807873,10000,102.082998,0.0102083
Mississippi,MS,99,2443.281736,10000,71.62865777,0.007162866
Missouri,MO,159,5120.68018,10000,198.6070549,0.019860705
Montana,MT,47,903.558759,10000,16.10079431,0.001610079
Nebraska,NE,93,1482.040419,10000,10.49955297,0.001049955
Nevada,NV,69,2408.266366,10000,99.18332963,0.009918333
New Hampshire,NH,44,1222.748068,10000,41.39165114,0.004139165
New Jersey,NJ,246,7548.400599,10000,281.1489749,0.028114897
New Mexico,NM,46,1739.710835,10000,75.49418559,0.007549419
New York,NY,550,16433.60633,10000,597.6548733,0.059765487
North Carolina,NC,270,8779.867574,10000,343.1495183,0.034314952
North Dakota,ND,48,550.555939,10000,-9.551457814,-0.000955146
Ohio,OH,333,9905.467626,10000,358.7567552,0.035875676
Oklahoma,OK,116,3087.931212,10000,99.64830213,0.00996483
Oregon,OR,108,3542.523378,10000,139.3951326,0.013939513
Pennsylvania,PA,343,11279.28366,10000,444.6983658,0.044469837
Rhode Island,RI,34,918.378356,10000,30.13573347,0.003013573
South Carolina,SC,110,4491.446595,10000,203.6639924,0.020366399
South Dakota,SD,48,689.213564,10000,0.131815341,1.31815E-05
Tennessee,TN,192,5680.919479,10000,204.7318428,0.020473184
Texas,TX,569,20322.3859,10000,850.2311012,0.08502311
Utah,UT,64,1931.802737,10000,70.90908692,0.007090909
Vermont,VT,15,570.627651,10000,24.85026726,0.002485027
Virginia,VA,205,6915.931988,10000,277.9799916,0.027797999
Washington,WA,149,5949.594147,10000,266.4949667,0.026649497
West Virginia,WV,64,1641.923781,10000,50.66514352,0.005066514
Wisconsin,WI,215,4841.337803,10000,123.0989425,0.012309894
Wyoming,WY,30,452.871927,10000,1.626696139,0.00016267